{
  "N_gallery": 15000,
  "n_test_total": 66167,
  "n_train": 306929,
  "floor": {
    "recall": {
      "1": 6.666666666666667e-05,
      "5": 0.0003333333333333333,
      "10": 0.0006666666666666666,
      "50": 0.0033333333333333335
    },
    "MedR": 7500.5
  },
  "CCA": {
    "ARN→prot": {
      "1": 0.0006666666666666666,
      "5": 0.0034666666666666665,
      "10": 0.006666666666666667,
      "50": 0.0268
    },
    "MedR_ab": 2327.5,
    "prot→ARN": {
      "1": 0.00046666666666666666,
      "5": 0.0027333333333333333,
      "10": 0.005666666666666667,
      "50": 0.0268
    },
    "MedR_ba": 2220.5,
    "N": 15000
  },
  "CLIP": {
    "ARN→prot": {
      "1": 0.0006,
      "5": 0.004933333333333333,
      "10": 0.008266666666666667,
      "50": 0.0412
    },
    "MedR_ab": 1657.5,
    "prot→ARN": {
      "1": 0.0016,
      "5": 0.004866666666666667,
      "10": 0.008466666666666667,
      "50": 0.03713333333333333
    },
    "MedR_ba": 1726.0,
    "N": 15000
  },
  "CLIP_permute": {
    "ARN→prot": {
      "1": 6.666666666666667e-05,
      "5": 0.0004,
      "10": 0.0006,
      "50": 0.0038
    },
    "MedR_ab": 7472.0,
    "prot→ARN": {
      "1": 0.00013333333333333334,
      "5": 0.0004,
      "10": 0.0008,
      "50": 0.003266666666666667
    },
    "MedR_ba": 7516.0,
    "N": 15000
  },
  "cca_corr_top5": [
    0.8725879134856404,
    0.6972081256315755,
    0.6199326302741065,
    0.4590569245078694,
    0.3742850397123616
  ],
  "diagnostics": {
    "pos_cos": 0.3254394233226776,
    "intra_cos_rna": 0.4285688102245331,
    "intra_cos_prot": 0.30974945425987244,
    "std_rna": 0.04577434062957764,
    "std_prot": 0.05086584389209747
  },
  "verdict_clip_gt_cca": true
}