{
  "N_gallery": 15000,
  "n_test_total": 18944,
  "n_train": 101333,
  "floor": {
    "recall": {
      "1": 6.666666666666667e-05,
      "5": 0.0003333333333333333,
      "10": 0.0006666666666666666,
      "50": 0.0033333333333333335
    },
    "MedR": 7500.5
  },
  "CCA": {
    "ARN→prot": {
      "1": 0.0008,
      "5": 0.004333333333333333,
      "10": 0.007866666666666666,
      "50": 0.0342
    },
    "MedR_ab": 1441.0,
    "prot→ARN": {
      "1": 0.0006,
      "5": 0.0029333333333333334,
      "10": 0.0058,
      "50": 0.027733333333333332
    },
    "MedR_ba": 1516.0,
    "N": 15000
  },
  "CLIP": {
    "ARN→prot": {
      "1": 0.0010666666666666667,
      "5": 0.004733333333333333,
      "10": 0.009466666666666667,
      "50": 0.04206666666666667
    },
    "MedR_ab": 1241.0,
    "prot→ARN": {
      "1": 0.0006666666666666666,
      "5": 0.0036,
      "10": 0.007533333333333334,
      "50": 0.03613333333333334
    },
    "MedR_ba": 1353.0,
    "N": 15000
  },
  "CLIP_permute": {
    "ARN→prot": {
      "1": 6.666666666666667e-05,
      "5": 0.0005333333333333334,
      "10": 0.0006,
      "50": 0.0034666666666666665
    },
    "MedR_ab": 7369.5,
    "prot→ARN": {
      "1": 0.0,
      "5": 0.0002666666666666667,
      "10": 0.0007333333333333333,
      "50": 0.003
    },
    "MedR_ba": 7350.5,
    "N": 15000
  },
  "cca_corr_top5": [
    0.8806061105535228,
    0.7595217632736885,
    0.6501908160522033,
    0.44659875593458503,
    0.4295940422787837
  ],
  "diagnostics": {
    "pos_cos": 0.42644354701042175,
    "intra_cos_rna": 0.2745257019996643,
    "intra_cos_prot": 0.2180783450603485,
    "std_rna": 0.05104238539934158,
    "std_prot": 0.05357954651117325
  },
  "verdict_clip_gt_cca": true
}