{
  "N_gallery": 15000,
  "n_test_total": 18944,
  "n_train": 101333,
  "floor": {
    "recall": {
      "1": 6.666666666666667e-05,
      "5": 0.0003333333333333333,
      "10": 0.0006666666666666666,
      "50": 0.0033333333333333335
    },
    "MedR": 7500.5
  },
  "CCA": {
    "ARN竊恥rot": {
      "1": 0.0015333333333333334,
      "5": 0.0072,
      "10": 0.013266666666666666,
      "50": 0.05266666666666667
    },
    "MedR_ab": 992.0,
    "prot竊但RN": {
      "1": 0.0012,
      "5": 0.004066666666666666,
      "10": 0.009,
      "50": 0.044333333333333336
    },
    "MedR_ba": 1122.0,
    "N": 15000
  },
  "CLIP": {
    "ARN竊恥rot": {
      "1": 0.0012,
      "5": 0.008,
      "10": 0.015466666666666667,
      "50": 0.06386666666666667
    },
    "MedR_ab": 807.5,
    "prot竊但RN": {
      "1": 0.0016,
      "5": 0.007266666666666667,
      "10": 0.013333333333333334,
      "50": 0.0574
    },
    "MedR_ba": 919.0,
    "N": 15000
  },
  "CLIP_permute": {
    "ARN竊恥rot": {
      "1": 0.0,
      "5": 0.0002,
      "10": 0.00046666666666666666,
      "50": 0.0026
    },
    "MedR_ab": 7394.0,
    "prot竊但RN": {
      "1": 0.0,
      "5": 6.666666666666667e-05,
      "10": 0.0002,
      "50": 0.0028666666666666667
    },
    "MedR_ba": 7397.0,
    "N": 15000
  },
  "cca_corr_top5": [
    0.9143227357999901,
    0.8486358042792655,
    0.7188292985583001,
    0.6306728091383949,
    0.5532668726215388
  ],
  "diagnostics": {
    "pos_cos": 0.5344418883323669,
    "intra_cos_rna": 0.18286997079849243,
    "intra_cos_prot": 0.16950422525405884,
    "std_rna": 0.05470271408557892,
    "std_prot": 0.05512946844100952
  },
  "verdict_clip_gt_cca": true,
  "label_coverage": 1.0,
  "label_types": [
    "Endothelial",
    "Epithelial/Tumor",
    "Fibroblasts/CAFs",
    "Macrophages/Myeloid",
    "Plasma cells"
  ],
  "clustering": {
    "CLIP joint": {
      "ARI": 0.11898465165681409,
      "NMI": 0.1932712363680078
    },
    "CLIP ARN": {
      "ARI": 0.07945290552296622,
      "NMI": 0.1550448076917168
    },
    "CLIP protﾃｩine": {
      "ARI": 0.11182912369961238,
      "NMI": 0.19666075538221992
    },
    "NOVAE brut": {
      "ARI": 0.09740435786477496,
      "NMI": 0.13455841969924026
    },
    "protﾃｩine brute": {
      "ARI": 0.115689614171599,
      "NMI": 0.15523559208755616
    }
  },
  "linear_probe": {
    "CLIP joint": {
      "acc": 0.7801333333333333,
      "f1": 0.6400347230705108
    },
    "CLIP ARN": {
      "acc": 0.7059333333333333,
      "f1": 0.4333094436903955
    },
    "CLIP protﾃｩine": {
      "acc": 0.7787333333333334,
      "f1": 0.6387521752921187
    },
    "NOVAE brut": {
      "acc": 0.704,
      "f1": 0.4172744871506816
    },
    "protﾃｩine brute": {
      "acc": 0.7792666666666667,
      "f1": 0.6394926284059355
    }
  }
}