{
  "n_train": 101333,
  "n_test": 18944,
  "retrieval": {
    "random_floor": {
      "recall": {
        "1": 5.2787162162162165e-05,
        "5": 0.0002639358108108108,
        "10": 0.0005278716216216217,
        "50": 0.002639358108108108
      },
      "MedR": 9472.5,
      "N": 18944
    },
    "CCA (lin\u00e9aire)": {
      "ARN\u2192prot": {
        "1": 0.0012141047297297297,
        "5": 0.005964949324324324,
        "10": 0.010082347972972973,
        "50": 0.042915962837837836
      },
      "MedR_ARN\u2192prot": 1262.0,
      "prot\u2192ARN": {
        "1": 0.0008445945945945946,
        "5": 0.0039590371621621625,
        "10": 0.007495777027027027,
        "50": 0.03563133445945946
      },
      "MedR_prot\u2192ARN": 1413.0,
      "N": 18944
    },
    "CLIP": {
      "ARN\u2192prot": {
        "1": 0.0011085304054054054,
        "5": 0.006651182432432432,
        "10": 0.012352195945945946,
        "50": 0.052153716216216214
      },
      "MedR_ARN\u2192prot": 1027.0,
      "prot\u2192ARN": {
        "1": 0.0013724662162162163,
        "5": 0.005753800675675676,
        "10": 0.010821368243243243,
        "50": 0.047666807432432436
      },
      "MedR_prot\u2192ARN": 1157.0,
      "N": 18944
    },
    "CLIP permut\u00e9 (-)": {
      "ARN\u2192prot": {
        "1": 0.0,
        "5": 0.0005278716216216217,
        "10": 0.0008973817567567568,
        "50": 0.00269214527027027
      },
      "MedR_ARN\u2192prot": 9397.5,
      "prot\u2192ARN": {
        "1": 0.00010557432432432433,
        "5": 0.000316722972972973,
        "10": 0.000633445945945946,
        "50": 0.0030088682432432433
      },
      "MedR_prot\u2192ARN": 9426.0,
      "N": 18944
    }
  },
  "diagnostics": {
    "pos_cos": 0.5348069667816162,
    "intra_cos_rna": 0.1788102388381958,
    "intra_cos_prot": 0.16942238807678223,
    "std_dim_rna": 0.05473241209983826,
    "std_dim_prot": 0.05519875884056091
  },
  "clustering": {
    "CLIP joint": {
      "ARI": 0.015117198277690012,
      "NMI": 0.12428701500675912
    },
    "CLIP ARN": {
      "ARI": 0.019856376644833636,
      "NMI": 0.0965899748843567
    },
    "CLIP prot\u00e9ine": {
      "ARI": 0.01929763423647925,
      "NMI": 0.1486864148294061
    },
    "NOVAE brut (ARN)": {
      "ARI": 0.023435560963158655,
      "NMI": 0.08311602187328011
    },
    "prot\u00e9ine brute": {
      "ARI": 0.05551385189545603,
      "NMI": 0.13997021082703323
    }
  },
  "linear_probe": {
    "CLIP joint": {
      "acc": 0.8680787191460974,
      "f1_macro": 0.3024885890260191
    },
    "CLIP ARN": {
      "acc": 0.8442850789415166,
      "f1_macro": 0.14875575362710203
    },
    "CLIP prot\u00e9ine": {
      "acc": 0.8668556815654881,
      "f1_macro": 0.28344378518520996
    },
    "NOVAE brut (ARN)": {
      "acc": 0.8463975983989326,
      "f1_macro": 0.15837646297374847
    },
    "prot\u00e9ine brute": {
      "acc": 0.8673560151211919,
      "f1_macro": 0.2738181154126494
    }
  }
}