{
  "n_train": 306929,
  "n_test": 66167,
  "retrieval": {
    "random_floor": {
      "recall": {
        "1": 1.5113273988544139e-05,
        "5": 7.556636994272069e-05,
        "10": 0.00015113273988544138,
        "50": 0.000755663699427207
      },
      "MedR": 33084.0,
      "N": 66167
    },
    "CCA (lin\u00e9aire)": {
      "ARN\u2192prot": {
        "1": 0.00021158583583961792,
        "5": 0.00087656989133556,
        "10": 0.0017833663306482082,
        "50": 0.008115828131848203
      },
      "MedR_ARN\u2192prot": 9113.0,
      "prot\u2192ARN": {
        "1": 0.00022669910982816207,
        "5": 0.000982362809255369,
        "10": 0.0017682530566596642,
        "50": 0.008115828131848203
      },
      "MedR_prot\u2192ARN": 8807.0,
      "N": 66167
    },
    "CLIP": {
      "ARN\u2192prot": {
        "1": 0.00022669910982816207,
        "5": 0.001526440672842958,
        "10": 0.003022654797708828,
        "50": 0.013662399685643901
      },
      "MedR_ARN\u2192prot": 6202.0,
      "prot\u2192ARN": {
        "1": 0.00027203893179379447,
        "5": 0.0015717804948085904,
        "10": 0.0029017486058004745,
        "50": 0.012649810328411443
      },
      "MedR_prot\u2192ARN": 6620.0,
      "N": 66167
    },
    "CLIP permut\u00e9 (-)": {
      "ARN\u2192prot": {
        "1": 0.0,
        "5": 0.00010579291791980896,
        "10": 0.0001964725618510738,
        "50": 0.0006196442335303097
      },
      "MedR_ARN\u2192prot": 33143.0,
      "prot\u2192ARN": {
        "1": 0.0,
        "5": 3.0226547977088278e-05,
        "10": 0.00012090619190835311,
        "50": 0.000755663699427207
      },
      "MedR_prot\u2192ARN": 33068.0,
      "N": 66167
    }
  },
  "diagnostics": {
    "pos_cos": 0.3643002212047577,
    "intra_cos_rna": 0.4065260589122772,
    "intra_cos_prot": 0.3043440282344818,
    "std_dim_rna": 0.04695599526166916,
    "std_dim_prot": 0.05096518620848656
  },
  "clustering": {
    "CLIP joint": {
      "ARI": 0.12276277531992191,
      "NMI": 0.20592112324382011
    },
    "CLIP ARN": {
      "ARI": 0.06310231603312327,
      "NMI": 0.12044064590692136
    },
    "CLIP prot\u00e9ine": {
      "ARI": 0.1635041878274791,
      "NMI": 0.24997474629043448
    },
    "NOVAE brut (ARN)": {
      "ARI": 0.05731635602772648,
      "NMI": 0.1070912249513621
    },
    "prot\u00e9ine brute": {
      "ARI": 0.14737755534351554,
      "NMI": 0.2763587943794158
    }
  },
  "linear_probe": {
    "CLIP joint": {
      "acc": 0.6951652636510647,
      "f1_macro": 0.44846373070522544
    },
    "CLIP ARN": {
      "acc": 0.48880862061148306,
      "f1_macro": 0.20451813436017166
    },
    "CLIP prot\u00e9ine": {
      "acc": 0.6856892408602475,
      "f1_macro": 0.43916812850917736
    },
    "NOVAE brut (ARN)": {
      "acc": 0.4880227303640788,
      "f1_macro": 0.2029734544218107
    },
    "prot\u00e9ine brute": {
      "acc": 0.6820167152810314,
      "f1_macro": 0.4161381922531236
    }
  }
}