{
  "N_gallery": 15000,
  "n_test_total": 18944,
  "n_train": 101333,
  "floor": {
    "recall": {
      "1": 6.666666666666667e-05,
      "5": 0.0003333333333333333,
      "10": 0.0006666666666666666,
      "50": 0.0033333333333333335
    },
    "MedR": 7500.5
  },
  "CCA": {
    "ARN→prot": {
      "1": 0.0015333333333333334,
      "5": 0.0072,
      "10": 0.013266666666666666,
      "50": 0.05266666666666667
    },
    "MedR_ab": 992.0,
    "prot→ARN": {
      "1": 0.0012,
      "5": 0.004066666666666666,
      "10": 0.009,
      "50": 0.044333333333333336
    },
    "MedR_ba": 1122.0,
    "N": 15000
  },
  "CLIP": {
    "ARN→prot": {
      "1": 0.0010666666666666667,
      "5": 0.008,
      "10": 0.014066666666666667,
      "50": 0.06233333333333333
    },
    "MedR_ab": 822.0,
    "prot→ARN": {
      "1": 0.0012666666666666666,
      "5": 0.0066,
      "10": 0.013066666666666667,
      "50": 0.0546
    },
    "MedR_ba": 953.0,
    "N": 15000
  },
  "CLIP_permute": {
    "ARN→prot": {
      "1": 0.0,
      "5": 0.0002666666666666667,
      "10": 0.0005333333333333334,
      "50": 0.0029333333333333334
    },
    "MedR_ab": 7385.5,
    "prot→ARN": {
      "1": 0.0,
      "5": 0.00013333333333333334,
      "10": 0.0003333333333333333,
      "50": 0.0026666666666666666
    },
    "MedR_ba": 7397.0,
    "N": 15000
  },
  "cca_corr_top5": [
    0.9143227357999901,
    0.8486358042792655,
    0.7188292985583001,
    0.6306728091383949,
    0.5532668726215388
  ],
  "diagnostics": {
    "pos_cos": 0.534148633480072,
    "intra_cos_rna": 0.19758100807666779,
    "intra_cos_prot": 0.17575570940971375,
    "std_rna": 0.054169245064258575,
    "std_prot": 0.05478283762931824
  },
  "verdict_clip_gt_cca": true
}