{
  "config": {
    "paired_dir": "data/processed/xenium_renal",
    "spatial_h5ad": "data/raw/xenium_renal/h5ad/xenium_renal_rna_with_spatial_split_seed42.h5ad",
    "spatial_obsm": "spatial_um",
    "ckpt": "runs/clip_xenium_seed42/best.pt",
    "spaces": "novae_raw,clip_rna,clip_prot,clip_joint",
    "scconcept_h5ad": null,
    "scconcept_obsm": "X_scConcept",
    "num_prototypes": 512,
    "n_domains": 5,
    "niche_method": "hierarchical",
    "resolution": 1.0,
    "assign": "argmax",
    "smooth_knn": 0,
    "knn_graph": 6,
    "cells": "all",
    "slide_key": null,
    "labels_h5ad": "annotation_out/xenium_annotated.h5ad",
    "label_col": "cell_type_final",
    "label_drop": "incertaine",
    "max_fit_cells": 100000,
    "outdir": "eval/niches_xenium",
    "no_plot": false,
    "device": "cpu",
    "seed": 0
  },
  "n_cells_eval": 465498,
  "spaces": {
    "novae_raw": {
      "dim": 64,
      "n_domains": 5,
      "level": 5,
      "n_prototypes_used": 512,
      "FIDE": 0.8149926809120271,
      "entropie_norm": 0.6272283671641222,
      "heuristique": 0.5111865284991612,
      "JSD": null,
      "ARI_vs_types": 0.0653371154331057,
      "NMI_vs_types": 0.1348546154805424,
      "tailles_domaines": [
        7971,
        20816,
        17095,
        270945,
        148671
      ]
    },
    "clip_rna": {
      "dim": 256,
      "n_domains": 5,
      "level": 5,
      "n_prototypes_used": 512,
      "FIDE": 0.850915463270683,
      "entropie_norm": 0.6360968879306611,
      "heuristique": 0.5412646780785583,
      "JSD": null,
      "ARI_vs_types": 0.07969491673114926,
      "NMI_vs_types": 0.13984620336431472,
      "tailles_domaines": [
        898,
        25505,
        56709,
        84760,
        297626
      ]
    },
    "clip_prot": {
      "dim": 256,
      "n_domains": 5,
      "level": 5,
      "n_prototypes_used": 512,
      "FIDE": 0.6074527727116619,
      "entropie_norm": 0.8580072491417832,
      "heuristique": 0.5211988824978818,
      "JSD": null,
      "ARI_vs_types": 0.17220494457365393,
      "NMI_vs_types": 0.26791883438255404,
      "tailles_domaines": [
        30447,
        60317,
        224120,
        86411,
        64203
      ]
    },
    "clip_joint": {
      "dim": 256,
      "n_domains": 5,
      "level": 5,
      "n_prototypes_used": 512,
      "FIDE": 0.7918593549924462,
      "entropie_norm": 0.8105816177812252,
      "heuristique": 0.6418666370249745,
      "JSD": null,
      "ARI_vs_types": 0.11206684999482842,
      "NMI_vs_types": 0.18202226332696678,
      "tailles_domaines": [
        24545,
        52257,
        78401,
        62055,
        248240
      ]
    }
  }
}