{
  "N_gallery": 15000,
  "n_test_total": 66167,
  "n_train": 306929,
  "floor": {
    "recall": {
      "1": 6.666666666666667e-05,
      "5": 0.0003333333333333333,
      "10": 0.0006666666666666666,
      "50": 0.0033333333333333335
    },
    "MedR": 7500.5
  },
  "CCA": {
    "ARN竊恥rot": {
      "1": 0.0006666666666666666,
      "5": 0.004,
      "10": 0.007533333333333334,
      "50": 0.0304
    },
    "MedR_ab": 2051.0,
    "prot竊但RN": {
      "1": 0.0007333333333333333,
      "5": 0.004066666666666666,
      "10": 0.007333333333333333,
      "50": 0.031
    },
    "MedR_ba": 1992.0,
    "N": 15000
  },
  "CLIP": {
    "ARN竊恥rot": {
      "1": 0.0010666666666666667,
      "5": 0.0071333333333333335,
      "10": 0.012733333333333333,
      "50": 0.04833333333333333
    },
    "MedR_ab": 1399.0,
    "prot竊但RN": {
      "1": 0.0010666666666666667,
      "5": 0.005933333333333333,
      "10": 0.010866666666666667,
      "50": 0.04593333333333333
    },
    "MedR_ba": 1519.5,
    "N": 15000
  },
  "CLIP_permute": {
    "ARN竊恥rot": {
      "1": 0.0002,
      "5": 0.0004,
      "10": 0.0008666666666666666,
      "50": 0.0034
    },
    "MedR_ab": 7516.5,
    "prot竊但RN": {
      "1": 0.00013333333333333334,
      "5": 0.00046666666666666666,
      "10": 0.0006666666666666666,
      "50": 0.0033333333333333335
    },
    "MedR_ba": 7485.5,
    "N": 15000
  },
  "cca_corr_top5": [
    0.8743642416402463,
    0.7108167397489099,
    0.6510841032141343,
    0.477392711481404,
    0.4152635014524978
  ],
  "diagnostics": {
    "pos_cos": 0.3648151755332947,
    "intra_cos_rna": 0.39727267622947693,
    "intra_cos_prot": 0.30382147431373596,
    "std_rna": 0.047210969030857086,
    "std_prot": 0.05099760368466377
  },
  "verdict_clip_gt_cca": true,
  "label_coverage": 1.0,
  "label_types": [
    "B cells",
    "Endothelial",
    "Macrophages/Myeloid",
    "Mesangial/JG cells",
    "NK cells",
    "Proximal tubule",
    "T cells"
  ],
  "clustering": {
    "CLIP joint": {
      "ARI": 0.1952023866414131,
      "NMI": 0.22308724177289024
    },
    "CLIP ARN": {
      "ARI": 0.1323093008573248,
      "NMI": 0.1556621405572941
    },
    "CLIP protﾃｩine": {
      "ARI": 0.1884282429075457,
      "NMI": 0.23824628474840984
    },
    "NOVAE brut": {
      "ARI": 0.14713333004414983,
      "NMI": 0.1455285418974868
    },
    "protﾃｩine brute": {
      "ARI": 0.16605633534742595,
      "NMI": 0.26215675453097637
    }
  },
  "linear_probe": {
    "CLIP joint": {
      "acc": 0.8067333333333333,
      "f1": 0.5421274136506863
    },
    "CLIP ARN": {
      "acc": 0.5956,
      "f1": 0.3106368052295537
    },
    "CLIP protﾃｩine": {
      "acc": 0.8043333333333333,
      "f1": 0.5357866002660413
    },
    "NOVAE brut": {
      "acc": 0.5950666666666666,
      "f1": 0.3118696070026917
    },
    "protﾃｩine brute": {
      "acc": 0.7990666666666667,
      "f1": 0.5190713218281863
    }
  }
}