{
  "N_gallery": 15000,
  "n_test_total": 66167,
  "n_train": 306929,
  "floor": {
    "recall": {
      "1": 6.666666666666667e-05,
      "5": 0.0003333333333333333,
      "10": 0.0006666666666666666,
      "50": 0.0033333333333333335
    },
    "MedR": 7500.5
  },
  "CCA": {
    "ARN→prot": {
      "1": 0.0006666666666666666,
      "5": 0.0034666666666666665,
      "10": 0.006666666666666667,
      "50": 0.0268
    },
    "MedR_ab": 2327.5,
    "prot→ARN": {
      "1": 0.00046666666666666666,
      "5": 0.0027333333333333333,
      "10": 0.005666666666666667,
      "50": 0.0268
    },
    "MedR_ba": 2220.5,
    "N": 15000
  },
  "CLIP": {
    "ARN→prot": {
      "1": 0.0007333333333333333,
      "5": 0.004333333333333333,
      "10": 0.0086,
      "50": 0.0362
    },
    "MedR_ab": 1750.5,
    "prot→ARN": {
      "1": 0.0009333333333333333,
      "5": 0.0041333333333333335,
      "10": 0.007466666666666667,
      "50": 0.03386666666666667
    },
    "MedR_ba": 1816.0,
    "N": 15000
  },
  "CLIP_permute": {
    "ARN→prot": {
      "1": 0.0002,
      "5": 0.0006,
      "10": 0.0007333333333333333,
      "50": 0.003533333333333333
    },
    "MedR_ab": 7483.5,
    "prot→ARN": {
      "1": 0.0,
      "5": 0.0004,
      "10": 0.0008,
      "50": 0.0046
    },
    "MedR_ba": 7500.5,
    "N": 15000
  },
  "cca_corr_top5": [
    0.8725879134856404,
    0.6972081256315755,
    0.6199326302741065,
    0.4590569245078694,
    0.3742850397123616
  ],
  "diagnostics": {
    "pos_cos": 0.3956936001777649,
    "intra_cos_rna": 0.49175307154655457,
    "intra_cos_prot": 0.3643893599510193,
    "std_rna": 0.04343749210238457,
    "std_prot": 0.04875593259930611
  },
  "verdict_clip_gt_cca": true
}