{
  "n_train": 101333,
  "n_test": 18944,
  "retrieval": {
    "random_floor": {
      "recall": {
        "1": 5.2787162162162165e-05,
        "5": 0.0002639358108108108,
        "10": 0.0005278716216216217,
        "50": 0.002639358108108108
      },
      "MedR": 9472.5,
      "N": 18944
    },
    "CCA (lin\u00e9aire)": {
      "ARN\u2192prot": {
        "1": 0.004222972972972973,
        "5": 0.018845016891891893,
        "10": 0.03383657094594594,
        "50": 0.11138091216216216
      },
      "MedR_ARN\u2192prot": 603.0,
      "prot\u2192ARN": {
        "1": 0.0036423141891891893,
        "5": 0.015730574324324325,
        "10": 0.028293918918918918,
        "50": 0.09839527027027027
      },
      "MedR_prot\u2192ARN": 691.0,
      "N": 18944
    },
    "CLIP": {
      "ARN\u2192prot": {
        "1": 0.00633445945945946,
        "5": 0.02755489864864865,
        "10": 0.04756123310810811,
        "50": 0.14595650337837837
      },
      "MedR_ARN\u2192prot": 446.0,
      "prot\u2192ARN": {
        "1": 0.0064928209459459455,
        "5": 0.023595861486486486,
        "10": 0.04048775337837838,
        "50": 0.12758657094594594
      },
      "MedR_prot\u2192ARN": 536.5,
      "N": 18944
    },
    "CLIP permut\u00e9 (-)": {
      "ARN\u2192prot": {
        "1": 0.00010557432432432433,
        "5": 0.000316722972972973,
        "10": 0.0005806587837837838,
        "50": 0.0027449324324324326
      },
      "MedR_ARN\u2192prot": 9544.0,
      "prot\u2192ARN": {
        "1": 0.0,
        "5": 0.0002639358108108108,
        "10": 0.0005278716216216217,
        "50": 0.0024809966216216214
      },
      "MedR_prot\u2192ARN": 9563.5,
      "N": 18944
    }
  },
  "diagnostics": {
    "pos_cos": 0.49112674593925476,
    "intra_cos_rna": 0.06076950579881668,
    "intra_cos_prot": 0.13107973337173462,
    "std_dim_rna": 0.060104094445705414,
    "std_dim_prot": 0.0574694462120533
  },
  "clustering": {
    "CLIP joint": {
      "ARI": 0.06020612306031724,
      "NMI": 0.2081947482878809
    },
    "CLIP ARN": {
      "ARI": 0.047919158761790995,
      "NMI": 0.21439779721611563
    },
    "CLIP prot\u00e9ine": {
      "ARI": 0.05239542487382948,
      "NMI": 0.17607549337213246
    },
    "NOVAE brut (ARN)": {
      "ARI": 0.03873279081579245,
      "NMI": 0.20434433475451988
    },
    "prot\u00e9ine brute": {
      "ARI": 0.05551385189545603,
      "NMI": 0.13997021082703323
    }
  },
  "linear_probe": {
    "CLIP joint": {
      "acc": 0.9513564598621304,
      "f1_macro": 0.5932029388366358
    },
    "CLIP ARN": {
      "acc": 0.9657549477429397,
      "f1_macro": 0.6891295132537121
    },
    "CLIP prot\u00e9ine": {
      "acc": 0.8746386479875472,
      "f1_macro": 0.30104954224087727
    },
    "NOVAE brut (ARN)": {
      "acc": 0.97237046920169,
      "f1_macro": 0.8037047844402482
    },
    "prot\u00e9ine brute": {
      "acc": 0.8673560151211919,
      "f1_macro": 0.2738181154126494
    }
  }
}