{
  "N_gallery": 4000,
  "n_test_total": 18944,
  "n_train": 101333,
  "floor": {
    "recall": {
      "1": 0.00025,
      "5": 0.00125,
      "10": 0.0025,
      "50": 0.0125
    },
    "MedR": 2000.5
  },
  "CCA": {
    "ARNãprot": {
      "1": 0.00525,
      "5": 0.01875,
      "10": 0.0365,
      "50": 0.154
    },
    "MedR_ab": 276.0,
    "protãARN": {
      "1": 0.0035,
      "5": 0.01875,
      "10": 0.0345,
      "50": 0.12775
    },
    "MedR_ba": 302.0,
    "N": 4000
  },
  "CLIP": {
    "ARNãprot": {
      "1": 0.00325,
      "5": 0.0125,
      "10": 0.02225,
      "50": 0.09825
    },
    "MedR_ab": 439.0,
    "protãARN": {
      "1": 0.0015,
      "5": 0.00975,
      "10": 0.0175,
      "50": 0.08475
    },
    "MedR_ba": 465.0,
    "N": 4000
  },
  "CLIP_permute": {
    "ARNãprot": {
      "1": 0.0005,
      "5": 0.00175,
      "10": 0.00275,
      "50": 0.014
    },
    "MedR_ab": 2015.0,
    "protãARN": {
      "1": 0.0005,
      "5": 0.00175,
      "10": 0.00275,
      "50": 0.0115
    },
    "MedR_ba": 2006.0,
    "N": 4000
  },
  "cca_corr_top5": [
    0.9143227357999901,
    0.8486358042792655,
    0.7188292985583001,
    0.6306728091383949,
    0.5532668726215388
  ],
  "diagnostics": {
    "pos_cos": 0.3786066174507141,
    "intra_cos_rna": 0.3905654549598694,
    "intra_cos_prot": 0.3223789632320404,
    "std_rna": 0.04577059671282768,
    "std_prot": 0.05006884038448334
  },
  "label_coverage": 1.0,
  "clustering": {
    "CLIP joint": {
      "ARI": 0.09369218347824554,
      "NMI": 0.19237720180640264
    },
    "CLIP ARN": {
      "ARI": 0.09120232154386373,
      "NMI": 0.15181840861121518
    },
    "CLIP protûˋine": {
      "ARI": 0.22836613645089762,
      "NMI": 0.2564185079214084
    },
    "NOVAE brut": {
      "ARI": 0.10885910080627363,
      "NMI": 0.14491930690786436
    },
    "protûˋine brute": {
      "ARI": 0.11450221893154607,
      "NMI": 0.16047784766127907
    }
  },
  "linear_probe": {
    "CLIP joint": {
      "acc": 0.77725,
      "f1": 0.6279667212172431
    },
    "CLIP ARN": {
      "acc": 0.70425,
      "f1": 0.41675986228201445
    },
    "CLIP protûˋine": {
      "acc": 0.77075,
      "f1": 0.6196859742650344
    },
    "NOVAE brut": {
      "acc": 0.7035,
      "f1": 0.4091840965118406
    },
    "protûˋine brute": {
      "acc": 0.767,
      "f1": 0.6239203563931157
    }
  },
  "verdict_clip_gt_cca": false
}